id,date,price,bedrooms,bathrooms,sqft_living,sqft_lot,sqft_above,sqft_basement,yr_built,yr_renovated,Main_Genre,Genre_2,Genre_3,imdb_rating,length,rank_in_year,rating,studio,title,worldwide_gross,year
5652600427,20150224T000000,420000,4,2,1700,6375,850,850,1950,0,Action,Adventure,Drama,7.4,135,1,PG-13,Walt Disney Pictures,Black Panther,700059566,2018
7888000390,20140627T000000,140000,3,1,1060,7473,1060,0,1959,0,Action,Adventure,Sci-Fi,8.5,156,2,PG-13,Walt Disney Pictures,Avengers: Infinity War,678815482,2018
5318101695,20150409T000000,940000,4,1.5,2430,3600,2430,0,1980,0,Animation,Action,Adventure,7.8,118,3,PG,Pixar,Incredibles 2,608581744,2018
4039000050,20140714T000000,516130,3,1.75,1510,8250,1510,0,1962,0,Action,Adventure,Drama,6.2,129,4,PG-13,Universal Pictures,Jurassic World: Fallen Kingdom,416769345,2018
7853230590,20141029T000000,435000,4,2.5,2190,6578,2190,0,2004,0,Action,Comedy,,7.8,119,5,R,20th Century Fox,Deadpool 2,318491426,2018
3856902996,20140804T000000,553500,2,1,850,2340,850,0,1922,0,Action,Adventure,Drama,7.9,147,6,PG-13,Paramount Pictures,Mission: Impossible - Fallout,220159104,2018
1473200170,20140729T000000,305000,3,2.5,1260,1622,1260,0,2009,0,Action,Comedy,,7.2,118,7,PG-13,Walt Disney Pictures,Ant-Man and the Wasp,216648740,2018
3356407665,20140924T000000,180000,3,1.75,1330,16000,1330,0,1978,0,Action,Adventure,Drama,7,135,8,PG-13,Walt Disney Pictures,Solo: A Star Wars Story,213767512,2018
1446400564,20140507T000000,185000,4,1,1490,6600,1490,0,1969,0,Action,Adventure,Drama,6.9,112,9,PG-13,Columbia Pictures,Venom,213030843,2018
8122600145,20140521T000000,452000,4,2,1660,6150,850,810,1945,0,Music,Drama,,8.1,135,10,R,Warner Bros,A Star is Born ,199721727,2018
2011000010,20140502T000000,257950,3,1.75,1370,5858,1370,0,1987,0,Action,Adventure,Drama,7.2,152,1,PG-13,Walt Disney Pictures,Star Wars: The Last Jedi,620181382,2017
7855000325,20150220T000000,1050000,4,3,3080,10757,3080,0,1961,0,Music,Drama,,7.2,129,2,PG,Walt Disney Pictures,Beauty and the Beast ,504014165,2017
3856900005,20140909T000000,535000,6,1.75,2460,6000,1230,1230,1913,0,Action,Adventure,Drama,7.5,141,3,PG-13,Warner Bros,Wonder Woman,412563408,2017
142000165,20140507T000000,749950,4,2.75,2600,6050,1960,640,1949,0,Action,Adventure,Comedy,7,112,4,PG-13,Sony Pictures,Jumanji: Welcome to the Jungle,404515480,2017
2619920010,20140703T000000,815000,4,2.5,3150,4203,3150,0,2002,0,Action,Adventure,Comedy,7.7,137,5,PG-13,Walt Disney Pictures,Guardians of the Galaxy Vol. 2,389813101,2017
5412310170,20140619T000000,177000,3,1.75,1150,8079,1150,0,1983,0,Action,Adventure,Drama,7.5,133,6,PG-13,Sony Pictures,Spider-Man: Homecoming,334201140,2017
3616600250,20140527T000000,1600000,3,3.25,3790,19000,3790,0,1985,0,Horror,Drama,Mystery,7.4,135,7,R,Warner Bros,It,327481748,2017
7575600610,20150209T000000,265000,3,2.5,1660,5250,1660,0,1988,0,Action,Adventure,Drama,7.9,130,8,PG-13,Walt Disney Pictures,Thor: Ragnarok,315058289,2017
6150200180,20140721T000000,290000,2,1,850,6800,850,0,1948,0,Animation,Comedy,,6.3,90,9,PG,Universal Pictures,Despicable Me 3,264624300,2017
7202330030,20140822T000000,500000,3,2.5,1650,5683,1650,0,2003,0,Action,Adventure,Drama,6.5,110,10,PG-13,Warner Bros,Justice League,229024295,2017
8079000190,20141028T000000,415000,4,2.5,2150,8173,2150,0,1987,0,Action,Adventure,Drama,7.8,133,1,PG-13,Walt Disney Pictures,Rogue One: A Star Wars Story,532177324,2016
9448300061,20140708T000000,235000,2,1,1020,7920,1020,0,1939,0,Animation,Family,,7.3,100,2,PG,Walt Disney Pictures,Finding Dory,486295561,2016
5569700075,20140528T000000,968000,6,2.75,3610,17580,2070,1540,1959,0,Action,Adventure,Sci-Fi,7.8,146,3,PG-13,Walt Disney Pictures,Captain America: Civil War,408084349,2016
1687910100,20140530T000000,655000,4,2.25,2060,8470,1440,620,1983,0,Animation,Comedy,,6.5,90,4,PG,Universal Pictures,The Secret Life of Pets,368384330,2016
1183000005,20150408T000000,450000,3,2,1680,4886,1180,500,1940,0,Action,Adventure,Family,7.4,111,5,PG,Walt Disney Pictures,The Jungle Book ,364001123,2016
1522039105,20150115T000000,729000,3,4.25,3300,308080,2520,780,1976,0,Action,Comedy,Adventure,8,103,6,R,20th Century Fox,Deadpool,363070709,2016
5100403806,20150407T000000,467000,3,2.5,1425,1179,1425,0,2008,0,Animation,Action,Adventure,8,108,7,PG,Walt Disney Pictures,Zootopia,341268248,2016
203101330,20140701T000000,485000,3,2.25,2440,47916,2090,350,1991,0,Action,Adventure,Sci-Fi,6.5,151,8,PG-13,Warner Bros,Batman v Superman: Dawn of Justice,330360194,2016
6161000015,20140515T000000,349950,3,1,1400,7066,1400,0,1957,0,Action,Adventure,,6.1,123,9,PG-13,Warner Bros,Suicide Squad,325100054,2016
1422300160,20140624T000000,379000,3,2.5,1740,30886,1740,0,1992,0,Animation,Music,Comedy,7.1,108,10,PG,Universal Pictures,Sing,270395425,2016
1222069133,20150224T000000,415000,4,2.5,2210,213008,1210,1000,1975,0,Action,Adventure,Fantasy,8,136,1,PG-13,Walt Disney Pictures,Star Wars: The Force Awakens,936662225,2015
4310702837,20141201T000000,375000,3,3.25,1370,1227,1370,0,2007,0,Action,Adventure,Mystery,7,123,2,PG-13,Universal Pictures,Jurassic World,652270625,2015
6705870040,20141015T000000,665000,4,2.5,3130,7582,3130,0,2004,0,Action,Adventure,Sci-Fi,7.4,141,3,PG-13,Walt Disney Pictures,Avengers: Age of Ultron,459005868,2015
7202310040,20150408T000000,635000,3,2.5,2620,6842,2620,0,2002,0,Animation,Family,,8.2,94,4,PG,Pixar,Inside Out,356461711,2015
5727000010,20141215T000000,319990,4,2.5,2120,5293,2120,0,2003,0,Action,Adventure,Mystery,7.2,140,5,PG-13,Universal Pictures,Furious 7,353007020,2015
8887001625,20150410T000000,417000,3,2.75,1820,52889,1820,0,1991,0,Animation,Comedy,Family,6.4,91,6,PG,Universal Pictures,Minions,336045770,2015
629000615,20141022T000000,1500000,4,3.25,3070,10375,2180,890,1962,2005,Action,Adventure,Fantasy,6.6,137,7,PG-13,Lionsgate Films,The Hunger Games: Mockingjay - Part 2,281723902,2015
7159200040,20140917T000000,2900000,4,3.25,4580,4838,3080,1500,1991,0,Sci-Fi,Fantasy,,8,164,8,PG-13,20th Century Fox,The Martian,228433663,2015
7525530590,20140720T000000,760000,4,2.5,2990,12788,2990,0,1988,0,Romance,Fantasy,,6.9,105,9,PG,Walt Disney Pictures,Cinderella,201151353,2015
1644500050,20150312T000000,875000,6,3.5,4430,11453,3000,1430,2001,0,Action,Adventure,,6.8,150,10,PG-13,Sony Pictures,Spectre,200074609,2015
7785000220,20141013T000000,725000,3,2,1550,12262,1550,0,1964,0,Sci-Fi,Adventure,Action,5.8,165,1,PG-13,Paramount Pictures,Transformers: Age of Extinction,1091404499,2014
8651442880,20140516T000000,205000,5,1.75,1730,5200,1050,680,1978,0,Fantasy,Adventure,,7.5,144,2,PG-13,Warner Bros,The Hobbit: The Battle of the Five Armies,955113783,2014
3034200142,20140923T000000,435000,3,1.5,1740,6988,1600,140,1950,0,Sci-Fi,Adventure,Action,8.1,121,3,PG-13,Walt Disney Pictures,Guardians of the Galaxy,774176600,2014
1386800054,20141201T000000,283450,5,2.75,2770,6116,1490,1280,1979,0,Fantasy,Adventure,Action,7.1,97,4,PG,Walt Disney Pictures,Maleficent,758654942,2014
8818900300,20141002T000000,618000,4,1,1260,4080,1260,0,1911,0,Sci-Fi,Adventure,,6.8,123,5,PG-13,Lionsgate Films,The Hunger Games: Mockingjay - Part 1,752100229,2014
1105000233,20140906T000000,255000,2,1,940,9330,940,0,1941,0,Sci-Fi,Adventure,Action,8.1,131,6,PG-13,20th Century Fox,X-Men: Days of Future Past,748121534,2014
3432501395,20140924T000000,551000,4,2.75,2170,5988,2170,0,2014,0,Sci-Fi,Adventure,Action,7.8,136,7,PG-13,Walt Disney Pictures,Captain America: The Winter Soldier,714766572,2014
2268000470,20141231T000000,241500,3,1,1400,10425,1400,0,1968,0,Fantasy,Adventure,Action,6.9,142,8,PG-13,Columbia Pictures,The Amazing Spider-Man 2,709582323,2014
6065300330,20140620T000000,2110000,3,2.25,3230,17833,3230,0,1973,0,Sci-Fi,Drama,Action,7.7,130,9,PG-13,20th Century Fox,Dawn of the Planet of the Apes,708835589,2014
8021700715,20140514T000000,702500,3,1.5,2360,6750,1930,430,1926,0,Sci-Fi,Adventure,,8.7,169,10,PG-13,Paramount Pictures,Interstellar,672974414,2014
7849202190,20141223T000000,235000,0,0,1470,4800,1470,0,1996,0,Comedy,Animation,Adventure,7.7,102,1,PG,Walt Disney Pictures,Frozen,1274219009,2013
5101402488,20140624T000000,438000,3,1.75,1520,6380,790,730,1948,0,Sci-Fi,Adventure,Action,7.3,130,2,PG-13,Walt Disney Pictures,Iron Man 3,1215439994,2013
8730600050,20140825T000000,710000,3,1.75,2430,11448,1620,810,1949,0,Animation,Comedy,Animation,7.5,98,3,PG,Universal Pictures,Despicable Me 2,970761885,2013
2472930270,20140905T000000,485000,3,2.5,3110,9015,3110,0,1990,0,Fantasy,Adventure,,8,161,4,PG-13,Warner Bros,The Hobbit: The Desolation of Smaug,960366855,2013
3886902950,20140911T000000,860000,4,3.5,3380,8098,1690,1690,1952,0,Adventure,Sci-Fi,,7.7,146,5,PG-13,Lionsgate Films,The Hunger Games: Catching Fire,864912963,2013
5071401000,20140829T000000,779000,6,2.5,3250,12000,1800,1450,1966,0,Thriller,Crime,Action,7.2,130,6,PG-13,Universal Pictures,Fast & Furious 6,788679850,2013
2742100009,20140506T000000,385000,3,1.75,1900,5520,1280,620,1982,0,Comedy,Animation,Adventure,7.4,104,7,G,Walt Disney Pictures,Monsters University,743559607,2013
4338800600,20140609T000000,235000,3,1,1590,13000,1590,0,1944,0,Thriller,Sci-Fi,Western,7.9,91,8,PG-13,Warner Bros,Gravity,716392705,2013
1370804295,20150212T000000,860000,3,1.75,1860,5584,1310,550,1951,0,Fantasy,Adventure,Action,7.2,143,9,PG-13,Warner Bros,Man of Steel,668045518,2013
4046700300,20141030T000000,325000,3,2,1670,17071,1100,570,1988,0,Fantasy,Adventure,Action,7.1,112,10,PG-13,Walt Disney Pictures,Thor: The Dark World,644783140,2013
8945000910,20150326T000000,184000,3,1,1100,8680,1100,0,1962,0,Sci-Fi,Adventure,Action,8.2,143,1,PG-13,Walt Disney Pictures,The Avengers,1518594910,2012
1321730470,20150127T000000,265000,3,2.25,2540,7216,2540,0,1991,0,Thriller,Adventure,Action,7.8,143,2,PG-13,Metro-Goldwyn-Mayer,Skyfall,1108561013,2012
2624049103,20150325T000000,449000,2,1,1250,4576,1040,210,1925,0,Thriller,Action,,8.5,165,3,PG-13,Warner Bros,The Dark Knight Rises,1084439099,2012
6632300207,20150305T000000,385000,3,2.5,1520,1488,1520,0,2006,0,Fantasy,Adventure,,8,169,4,PG-13,Warner Bros,The Hobbit: An Unexpected Journey,1017003568,2012
820000018,20141014T000000,387500,3,3.25,1860,2218,1860,0,2001,0,Comedy,Animation,Adventure,6.7,88,5,PG,20th Century Fox,Ice Age: Continental Drift,877244782,2012
8732030440,20140813T000000,305000,4,2.5,2510,12000,1520,990,1977,0,Fantasy,Drama,Adventure,5.6,115,6,PG-13,Lionsgate Films,The Twilight Saga: Breaking Dawn - Part 2,829685377,2012
259600050,20150223T000000,458500,3,1.75,1250,9605,1250,0,1964,0,Fantasy,Adventure,Action,7.1,136,7,PG-13,Columbia Pictures,The Amazing Spider-Man,757930663,2012
4303200184,20141010T000000,230000,2,1,770,6450,770,0,1948,0,Comedy,Adventure,Animation,7,93,8,PG,Paramount Pictures,Madagascar 3: Europe's Most Wanted,746921274,2012
2770601800,20141024T000000,525000,3,1.75,1560,6000,780,780,1944,0,Sci-Fi,Adventure,,7.3,142,9,PG-13,Lionsgate Films,The Hunger Games,691247768,2012
1773100416,20141120T000000,315000,3,2.5,1410,1325,1180,230,2007,0,Sci-Fi,Comedy,Action,6.9,106,10,PG-13,Columbia Pictures,Men in Black 3,624026776,2012
7174800094,20150420T000000,525000,1,1.5,1030,5923,1030,0,1940,0,Thriller,Fantasy,Adventure,8.1,130,1,PG-13,Warner Bros,Harry Potter and the Deathly Hallows - Part 2,1341511219,2011
7011201550,20140707T000000,780000,4,2,2600,4800,1400,1200,1953,0,Sci-Fi,Adventure,Action,6.3,154,2,PG-13,Paramount Pictures,Transformers: Dark of the Moon,1123794079,2011
366000095,20141009T000000,890000,5,1,2590,4652,2310,280,1907,0,Fantasy,Adventure,Action,6.7,136,3,PG-13,Walt Disney Pictures,Pirates of the Caribbean: On Stranger Tides,1045713802,2011
8016250080,20140709T000000,245000,3,2.5,1610,7223,1610,0,1994,0,Fantasy,Drama,Adventure,4.9,117,4,PG-13,Lionsgate Films,The Twilight Saga: Breaking Dawn - Part 1,712171856,2011
9412900055,20150505T000000,405000,3,1.75,2390,6000,1240,1150,1908,0,Thriller,Adventure,Action,7.4,133,5,PG-13,Paramount Pictures,Mission: Impossible - Ghost Protocol,694713380,2011
5420800090,20141117T000000,225000,3,2.5,1590,8449,1590,0,1989,0,Animation,Adventure,Action,7.3,91,6,PG,Paramount Pictures,Kung Fu Panda 2,665692281,2011
8018600655,20150326T000000,280000,4,3,2460,9606,2460,0,2012,0,Thriller,Crime,Action,7.3,131,7,PG-13,Universal Pictures,Fast Five,626137675,2011
4131500140,20150212T000000,175000,5,1.75,1680,8400,1680,0,1979,0,Comedy,,,6.5,102,8,R,Warner Bros,The Hangover Part II,586764305,2011
2560800165,20150316T000000,180500,2,1,850,5000,850,0,1976,0,Comedy,Animation,Adventure,5.5,103,9,PG,Columbia Pictures,The Smurfs,563749323,2011
2028701000,20140529T000000,635200,4,1.75,1640,4240,920,720,1921,0,Comedy,Animation,Adventure,6.3,106,10,G,Walt Disney Pictures,Cars 2,559852396,2011
1247100035,20140630T000000,1100000,4,2.75,3330,9143,3330,0,1995,0,Comedy,Animation,Adventure,8.4,103,1,G,Walt Disney Pictures,Toy Story 3,1063171911,2010
3304300080,20150330T000000,588000,4,2.5,3060,7710,3060,0,2009,0,Fantasy,Family,Adventure,6.5,108,2,PG,Walt Disney Pictures,Alice in Wonderland,1025467110,2010
8642600170,20141009T000000,375000,4,2,1757,19370,1757,0,1955,0,Fantasy,Family,Adventure,7.7,146,3,PG-13,Warner Bros,Harry Potter and the Deathly Hallows - Part 1,960283305,2010
7856600900,20140616T000000,825000,4,2.5,2810,9800,1710,1100,1973,0,Sci-Fi,Mystery,Action,8.8,148,4,PG-13,Warner Bros,Inception,825531030,2010
1952000150,20140506T000000,530000,5,2.5,2910,9636,1690,1220,1964,0,Comedy,Animation,Adventure,6.4,93,5,PG,Paramount Pictures,Shrek Forever After,752600867,2010
5029450110,20150327T000000,215000,3,1.5,1410,8415,780,630,1982,0,Fantasy,Drama,Adventure,4.9,124,6,PG-13,Lionsgate Films,The Twilight Saga: Eclipse,698491347,2010
1774230300,20150306T000000,615000,3,2.5,2980,43301,1930,1050,1978,0,Sci-Fi,Adventure,Action,7.1,124,7,PG-13,Paramount Pictures,Iron Man 2,623933331,2010
8731900340,20140623T000000,264000,3,1.75,1760,7482,1760,0,1966,0,Animation,Comedy,Animation,7.8,100,8,PG,Walt Disney Pictures,Tangled,591794936,2010
6149700350,20141016T000000,343000,2,1,1230,7560,1230,0,1961,0,Animation,Comedy,Animation,7.7,95,9,PG,Universal Pictures,Despicable Me,543113985,2010
3625710080,20140626T000000,1030000,4,3.5,3320,19850,2040,1280,1977,0,Animation,Animation,Adventure,8.2,98,10,PG,Paramount Pictures,How to Train Your Dragon,494878759,2010
1692900095,20140618T000000,1400000,4,2.75,3870,10046,3870,0,2005,0,Fantasy,Adventure,Action,7.9,162,1,PG-13,20th Century Fox,Avatar,2749064328,2009
405100165,20141119T000000,460000,2,1.5,1820,7800,1240,580,1956,0,Fantasy,Family,Adventure,7.5,153,2,PG,Warner Bros,Harry Potter and the Half-Blood Prince,934416487,2009
4167100240,20150310T000000,252000,3,1.75,1440,16819,1440,0,1925,0,Animation,Adventure,Action,7,94,3,PG,20th Century Fox,Ice Age: Dawn of the Dinosaurs,886686817,2009
3896100130,20140617T000000,1540000,3,2.25,2880,7599,1710,1170,1958,2002,Sci-Fi,Adventure,Action,6,150,4,PG-13,Paramount Pictures,Transformers: Revenge of the Fallen,836303693,2009
2591730230,20140912T000000,250000,4,2.5,2040,5770,2040,0,1994,0,Sci-Fi,Adventure,Action,5.8,158,5,PG-13,Columbia Pictures,2012,769304749,2009
323089159,20141003T000000,332000,3,1.75,1340,13115,1340,0,1978,0,Comedy,Animation,Adventure,8.3,96,6,PG,Pixar,Up,731342744,2009
2112700895,20150326T000000,276000,2,1,720,4000,720,0,1918,0,Fantasy,Drama,Adventure,4.6,130,7,PG-13,Lionsgate Films,The Twilight Saga: New Moon,709827462,2009
5318100965,20150217T000000,1600000,4,3.5,3890,3600,2860,1030,2005,0,Crime,Adventure,Action,7.6,128,8,PG-13,Warner Bros,Sherlock Holmes,524028679,2009
9150100020,20150211T000000,189000,3,1,1380,7282,1380,0,1915,0,Thriller,Mystery,,6.7,138,9,PG-13,Columbia Pictures,Angels & Demons,485930816,2009
1972200660,20150415T000000,465000,2,1.5,1120,1201,1120,0,1999,0,Comedy,,,7.8,100,10,R,Warner Bros,The Hangover,467483912,2009
8039900360,20140708T000000,383000,3,2.25,2090,15000,2090,0,1961,0,Drama,Crime,Action,9,152,1,PG-13,Warner Bros,The Dark Knight,997000000,2008
1310900610,20140714T000000,336000,4,2.25,2210,11700,2210,0,1967,0,Adventure,Action,,6.2,122,2,PG-13,Paramount Pictures,Indiana Jones and the Kingdom of the Crystal Skull,786636033,2008
7338000730,20140728T000000,167000,3,1.5,1280,5547,1280,0,1985,0,Animation,Adventure,Action,7.6,92,3,PG,Paramount Pictures,Kung Fu Panda,631744560,2008
1561600056,20141017T000000,1740000,4,3.5,4010,9654,4010,0,2007,0,Fantasy,Action,,6.5,92,4,PG-13,Columbia Pictures,Hancock,624386746,2008
7304300430,20141201T000000,364000,4,1,1020,11383,1020,0,1947,0,Romance,Musical,Comedy,6.4,108,5,PG-13,Universal Pictures,Mamma Mia!,609827661,2008
8562890370,20150414T000000,399950,4,2.5,3110,5868,3110,0,2001,0,Animation,Adventure,Action,6.7,89,6,PG,Paramount Pictures,Madagascar: Escape 2 Africa,603900354,2008
4027700594,20141222T000000,520000,3,1.75,2310,36665,1580,730,1983,0,Adventure,Action,,6.7,106,7,PG-13,Metro-Goldwyn-Mayer,Quantum of Solace,586090727,2008
1525059165,20140629T000000,835000,3,2.25,2120,54014,2120,0,1964,0,Sci-Fi,Adventure,Action,7.9,126,8,PG-13,Paramount Pictures,Iron Man,585174222,2008
8024201795,20141117T000000,397000,2,1,1000,7664,1000,0,1939,0,Animation,Animation,Adventure,8.4,98,9,G,Pixar,WALL-E,521311860,2008
8581200030,20150224T000000,230000,4,2,1220,9100,1220,0,1970,0,Family,Adventure,Action,6.6,150,10,PG,Walt Disney Pictures,The Chronicles of Narnia: Prince Caspian,419665568,2008
3630220220,20140923T000000,775000,4,3.5,3060,4573,2410,650,2012,0,Fantasy,Adventure,Action,7.1,169,1,PG-13,Walt Disney Pictures,Pirates of the Caribbean: At World's End,963420425,2007
2473100450,20140909T000000,330000,4,2,1590,9100,1040,550,1967,2014,Fantasy,Family,Adventure,7.4,138,2,PG-13,Warner Bros,Harry Potter and the Order of the Phoenix,939885929,2007
7202330280,20140922T000000,401000,3,2.25,1350,2839,1350,0,2003,0,Adventure,Action,,6.2,139,3,PG-13,Columbia Pictures,Spider-Man 3,890871626,2007
3298300140,20141024T000000,355000,3,1,1210,6650,1210,0,1959,0,Comedy,Animation,Adventure,6.1,93,4,PG,DreamWorks,Shrek the Third,798958162,2007
1262700040,20141016T000000,363500,4,1.75,2180,9702,1090,1090,1962,0,Sci-Fi,Adventure,Action,7.2,144,5,PG-13,DreamWorks,Transformers,709709780,2007
1163400020,20150403T000000,251000,3,1.5,1590,21600,1590,0,1971,0,Animation,Comedy,Animation,8,111,6,G,Pixar,Ratatouille,623707397,2007
7335400020,20140626T000000,219500,3,1,1090,6710,1090,0,1912,0,Thriller,Sci-Fi,Drama,7.2,101,7,PG-13,Warner Bros,I Am Legend,585349010,2007
7760400420,20140718T000000,255000,3,2,1590,8670,1590,0,1994,0,Comedy,Animation,Adventure,7.4,87,8,PG-13,20th Century Fox,The Simpsons Movie,527071022,2007
9477000190,20140808T000000,445000,3,2.25,1860,7200,1240,620,1977,0,Thriller,Adventure,Action,6.5,124,9,PG,Walt Disney Pictures,National Treasure: Book of Secrets,457364600,2007
2790400380,20141201T000000,560000,3,2.5,2020,11935,2020,0,1976,0,War,Fantasy,Action,7.8,117,10,R,Warner Bros,300,456068181,2007
2221000070,20150327T000000,280000,3,1.75,1590,7280,1140,450,1974,0,Fantasy,Adventure,Action,7.3,151,1,PG-13,Walt Disney Pictures,Pirates of the Caribbean: Dead Man's Chest,1066179725,2006
4345300180,20150406T000000,269000,3,2,1410,10577,1410,0,1994,0,Thriller,Mystery,,6.5,149,2,PG-13,Columbia Pictures,The Da Vinci Code,758239851,2006
2722059183,20141014T000000,218500,4,1.75,1400,25500,1400,0,1964,0,Animation,Adventure,Action,6.9,91,3,PG,20th Century Fox,Ice Age: The Meltdown,660940780,2006
3579000180,20141229T000000,495000,3,2.75,2430,14861,1530,900,1988,0,Thriller,Adventure,Action,8,144,4,PG-13,Metro-Goldwyn-Mayer,Casino Royale,599045960,2006
4058800930,20140720T000000,385000,3,1.75,2370,6360,1280,1090,1954,0,Comedy,Adventure,Action,6.4,108,5,PG,20th Century Fox,Night at the Museum,574480052,2006
7889601270,20140821T000000,382000,4,3.5,2530,3000,1850,680,2014,0,Comedy,Animation,Adventure,7.2,117,6,G,Pixar,Cars,461983149,2006
2625069038,20141124T000000,1450000,4,3.5,4300,108865,4300,0,2014,0,Sci-Fi,Adventure,Action,6.8,104,7,PG-13,20th Century Fox,X-Men: The Last Stand,459359555,2006
4315700060,20150303T000000,378000,2,2,1300,3850,800,500,1963,0,Thriller,Adventure,Action,6.8,126,8,PG-13,Paramount Pictures,Mission: Impossible III,397850012,2006
7853301570,20150430T000000,685000,4,2.5,3550,10968,3550,0,2006,0,Fantasy,Adventure,Action,6.1,154,9,PG-13,Warner Bros,Superman Returns,391081192,2006
2204500480,20150107T000000,551100,3,1,1430,8640,1430,0,1954,0,Animation,Comedy,Animation,6.5,108,10,PG,Warner Bros,Happy Feet,384335608,2006
1653500070,20140512T000000,927000,4,2.75,3300,12090,3300,0,1953,0,Fantasy,Family,Adventure,7.6,157,1,PG-13,Warner Bros,Harry Potter and the Goblet of Fire,895921036,2005
9390700095,20140808T000000,407500,2,1,770,2971,770,0,1923,0,Fantasy,Adventure,Action,7.7,140,2,PG-13,20th Century Fox,Star Wars Episode III: Revenge of the Sith,848754768,2005
7852130640,20140602T000000,432500,3,2.5,2240,6396,2240,0,2002,0,Fantasy,Family,Adventure,6.9,143,3,PG,Walt Disney Pictures,"The Chronicles of Narnia: The Lion, the Witch and the Wardrobe",745011272,2005
4279900140,20141001T000000,251000,4,2,1650,5974,860,790,1972,0,Thriller,Sci-Fi,Adventure,6.5,116,4,PG-13,Paramount Pictures,War of the Worlds,591745540,2005
9485750110,20140918T000000,366000,3,1.75,1680,6108,1680,0,1989,0,Drama,Adventure,Action,7.3,187,5,PG-13,Universal Pictures,King Kong,550517357,2005
2473000680,20150429T000000,390000,3,1.75,1435,8960,1435,0,1969,0,Comedy,Animation,Adventure,6.9,86,6,PG,DreamWorks,Madagascar,532680671,2005
1555300490,20141229T000000,250000,3,1,1520,7800,1120,400,1967,0,Crime,Comedy,Action,6.5,120,7,PG-13,20th Century Fox,Mr. & Mrs. Smith,478207520,2005
9406550050,20150330T000000,289000,3,2.5,1490,8628,1490,0,1994,0,Comedy,Adventure,Family,6.7,115,8,PG,Warner Bros,Charlie and the Chocolate Factory,474968763,2005
4139440460,20141118T000000,751305,4,2.5,2660,8469,2660,0,1994,0,Adventure,Action,,8.3,140,9,PG-13,Warner Bros,Batman Begins,372710015,2005
6431500122,20150428T000000,520000,3,1.5,1580,8841,1180,400,1923,0,Romance,Comedy,,6.7,118,10,PG-13,Columbia Pictures,Hitch,368100420,2005
7284900385,20140521T000000,970000,4,3.25,2790,5420,1130,1660,1963,2013,Comedy,Animation,Adventure,7.2,93,1,PG,DreamWorks,Shrek 2,919838758,2004
2944500330,20140825T000000,330000,4,2.5,2510,8580,2510,0,1991,2012,Fantasy,Family,Adventure,7.8,142,2,PG,Warner Bros,Harry Potter and the Prisoner of Azkaban,795634069,2004
7973202712,20150324T000000,130000,2,1,780,5300,780,0,1941,0,Adventure,Action,,7.3,127,3,PG-13,Columbia Pictures,Spider-Man 2,783766341,2004
6300000364,20140616T000000,235000,2,1.5,880,1805,880,0,1999,0,Animation,Adventure,Action,8,115,4,PG,Pixar,The Incredibles,631442092,2004
3888100117,20141110T000000,510000,5,1.5,1550,9750,1550,0,1966,0,Drama,,,7.1,127,5,R,Newmarket Films,The Passion of the Christ,611899420,2004
2597520790,20150423T000000,765000,3,2.5,2310,11993,2310,0,1988,0,Sci-Fi,Adventure,Action,6.4,124,6,PG-13,20th Century Fox,The Day After Tomorrow,544272402,2004
3329510850,20150306T000000,286950,4,2.5,2080,9846,1240,840,1984,0,Romance,Comedy,,6.3,115,7,PG-13,Universal Pictures,Meet the Fockers,516642939,2004
7853361310,20141215T000000,425000,4,2.5,1950,5000,1950,0,2012,0,Adventure,,,7.2,163,8,R,Warner Bros,Troy,497409852,2004
1797500600,20140825T000000,850000,5,3.5,3150,4120,2460,690,1911,2007,Comedy,Adventure,Animation,6,90,9,PG,DreamWorks,Shark Tale,367275019,2004
2220069003,20150223T000000,425000,3,2.75,1360,542322,1140,220,1955,0,Thriller,Crime,,6.4,125,10,PG-13,Warner Bros,Ocean's Twelve,362744280,2004
2768301182,20141204T000000,439950,3,2,1230,1613,1010,220,2003,0,Fantasy,Adventure,Western,8.9,201,1,PG-13,Warner Bros,The Lord of the Rings: The Return of the King,1119929521,2003
2769600590,20141016T000000,900000,8,4,4020,7500,2010,2010,1968,0,Comedy,Animation,Adventure,8.2,100,2,G,Pixar,Finding Nemo,867893978,2003
5021900779,20150404T000000,785000,3,2,1600,9638,1600,0,1952,0,Sci-Fi,Action,,7.2,138,3,R,Warner Bros,The Matrix Reloaded,742128461,2003
7195800009,20141210T000000,325000,6,3,2650,12870,2650,0,1977,0,Fantasy,Adventure,,8.1,143,4,PG-13,Walt Disney Pictures,Pirates of the Caribbean: The Curse of the Black Pearl,654264015,2003
686300450,20140708T000000,720000,4,2.25,2410,8400,2410,0,1965,0,Fantasy,Drama,Comedy,6.7,101,5,PG-13,Universal Pictures,Bruce Almighty,484592874,2003
7140700850,20150326T000000,350000,4,2.5,2560,5428,2560,0,2012,0,History,Drama,Action,7.7,154,6,R,Warner Bros,The Last Samurai,456758981,2003
9527000330,20140811T000000,508000,6,2.75,2890,7500,1830,1060,1976,0,Sci-Fi,Action,,6.4,109,7,R,Warner Bros,Terminator 3: Rise of the Machines,433371112,2003
1939000040,20140820T000000,765000,4,2.5,3190,38119,3190,0,1988,0,Sci-Fi,Action,,6.7,129,8,R,Warner Bros,The Matrix Revolutions,427343298,2003
4174600331,20140717T000000,384000,6,3,2320,4502,1200,1120,1987,0,Sci-Fi,Adventure,Action,7.5,134,9,PG-13,20th Century Fox,X2,407711549,2003
6751300385,20150424T000000,575000,3,2,1730,9030,1730,0,1956,0,Crime,Comedy,Action,6.5,147,10,R,Columbia Pictures,Bad Boys II,273339556,2003
2113701100,20140826T000000,294010,3,1.75,1550,4057,830,720,1945,0,Fantasy,Adventure,,8.7,179,1,PG-13,Warner Bros,The Lord of the Rings: The Two Towers,926287400,2002
8154100020,20140906T000000,248500,3,1.75,2090,12026,2090,0,1948,0,Fantasy,Family,Adventure,7.3,161,2,PG,Warner Bros,Harry Potter and the Chamber of Secrets,878643482,2002
7923500060,20140922T000000,713000,5,2.75,2580,9242,1720,860,1967,0,Adventure,Action,,7.3,121,3,PG-13,Columbia Pictures,Spider-Man,821708551,2002
8924100370,20140915T000000,1210000,4,3.5,3590,5335,3140,450,2006,0,Fantasy,Adventure,Action,6.7,142,4,PG,20th Century Fox,Star Wars Episode II: Attack of the Clones,649398328,2002
9320990120,20140703T000000,345000,4,2.5,2040,5523,2040,0,1999,0,Fantasy,Comedy,Action,6,88,5,PG-13,Columbia Pictures,Men in Black II,441818803,2002
9363600457,20140603T000000,785200,3,2.25,1840,3500,1540,300,1910,0,Crime,Adventure,Action,6.1,133,6,PG-13,Metro-Goldwyn-Mayer,Die Another Day,431971116,2002
8825900410,20150218T000000,945000,4,2.5,2910,4680,1850,1060,1937,0,Thriller,Sci-Fi,Drama,6.7,106,7,PG-13,Walt Disney Pictures,Signs,408247917,2002
6146600170,20140703T000000,100000,2,0.75,660,5240,660,0,1912,0,Comedy,Animation,Adventure,7.6,81,8,PG,20th Century Fox,Ice Age,383257136,2002
3959400645,20150107T000000,605000,5,3,3670,9600,1980,1690,1955,0,Romance,Comedy,,6.6,95,9,PG,IFC Films,My Big Fat Greek Wedding,368744044,2002
4233800020,20141008T000000,270000,4,2.5,2701,5821,2701,0,2013,0,Sci-Fi,Mystery,Action,7.7,145,10,PG-13,DreamWorks,Minority Report,358372926,2002
3586500700,20140709T000000,749950,4,2.75,2910,18700,2210,700,1957,1995,Fantasy,Family,Adventure,7.5,152,1,PG,Warner Bros,Harry Potter and the Sorcerer's Stone,974733550,2001
7522600110,20141229T000000,275000,3,2,1540,10410,1540,0,1967,0,Fantasy,Adventure,,8.8,178,2,PG-13,Warner Bros,The Lord of the Rings: The Fellowship of the Ring,870761744,2001
8106300510,20141229T000000,485000,5,2.5,3270,6129,3270,0,2004,0,Comedy,Animation,Adventure,8.1,92,3,G,Pixar,"Monsters, Inc.",525366597,2001
7399800150,20140606T000000,535500,3,1.5,1730,40250,1730,0,1983,0,Comedy,Animation,Adventure,7.9,90,4,PG,DreamWorks,Shrek,484409218,2001
4024101052,20141217T000000,305500,3,1,1240,6090,1240,0,1950,0,Thriller,Crime,,7.8,116,5,PG-13,Warner Bros,Ocean's Eleven,450717150,2001
1423089162,20141031T000000,415900,3,2.5,1670,22703,1310,360,1988,0,Romance,Drama,Action,6,183,6,PG-13,Walt Disney Pictures,Pearl Harbor,449220945,2001
1005000250,20150130T000000,350000,2,1,840,5551,840,0,1952,0,Fantasy,Adventure,Action,6.3,130,7,PG-13,Universal Pictures,The Mummy Returns,433013274,2001
7853370440,20141121T000000,637850,5,3.25,3340,4900,2500,840,2014,0,Sci-Fi,Adventure,Action,5.9,92,8,PG-13,Universal Pictures,Jurassic Park III,368780809,2001
7149410060,20140820T000000,165000,3,1.5,1250,7200,1250,0,1978,0,Sci-Fi,Adventure,Action,5.7,119,9,PG-13,20th Century Fox,Planet of the Apes,362211740,2001
7570050070,20150205T000000,419900,5,3.5,2880,5000,2260,620,2012,0,Thriller,Drama,Crime,6.7,131,10,R,Metro-Goldwyn-Mayer,Hannibal,351692268,2001
3021059197,20141021T000000,247200,3,1.5,1910,10583,1910,0,1922,1967,Thriller,Adventure,Action,6,123,1,PG-13,Paramount Pictures,Mission: Impossible II,546388105,2000
2140700190,20150410T000000,515000,4,2.5,1850,9248,1850,0,1997,0,Drama,Action,,8.5,155,2,R,DreamWorks,Gladiator,457640427,2000
1868901120,20140606T000000,660000,3,1.75,1980,3300,1140,840,1926,0,Drama,Adventure,,7.7,143,3,PG-13,20th Century Fox,Cast Away,429632142,2000
2804600005,20141219T000000,1050000,3,2,2090,4077,1530,560,1931,0,Romance,Fantasy,Comedy,6.4,127,4,PG-13,Paramount Pictures,What Women Want,374111707,2000
3580900200,20140617T000000,440000,4,2,1450,8400,1450,0,1962,0,Animation,Animation,Adventure,6.4,82,5,PG,Walt Disney Pictures,Dinosaur,349822765,2000
726049190,20141002T000000,287500,3,1,1810,7200,1130,680,1954,0,Fantasy,Family,Comedy,6,104,6,PG,Universal Pictures,How the Grinch Stole Christmas,345141403,2000
3025059072,20140725T000000,1750000,4,2.5,3910,22710,3910,0,1908,2003,Comedy,,,7,108,7,PG-13,Universal Pictures,Meet the Parents,330444045,2000
2473450870,20141006T000000,325000,3,2.25,2480,8755,2480,0,1979,0,Drama,Adventure,Action,6.4,130,8,PG-13,Warner Bros,The Perfect Storm,328718434,2000
9808630260,20150318T000000,1020000,3,2.5,2605,2216,2090,515,1979,0,Sci-Fi,Adventure,Action,7.4,104,9,PG-13,20th Century Fox,X-Men,296339527,2000
6099400140,20140904T000000,230000,5,1,1920,19040,1160,760,1961,0,Thriller,Horror,Drama,6.6,130,10,PG-13,DreamWorks,What Lies Beneath,291420351,2000
2922701085,20150327T000000,543000,2,1,1070,4700,1070,0,1910,0,Fantasy,Adventure,Action,6.6,136,1,PG,20th Century Fox,Star Wars Episode I: The Phantom Menace,924317558,1999
620069061,20150507T000000,450000,3,2.5,2880,426452,2880,0,1979,0,Thriller,Mystery,Drama,8.2,107,2,PG-13,Walt Disney Pictures,The Sixth Sense,672806292,1999
1245001763,20150303T000000,670000,4,2.5,2110,7291,2110,0,1977,0,Comedy,Animation,Adventure,7.9,92,3,G,Walt Disney Pictures,Toy Story 2,485015179,1999
3885807362,20140604T000000,791000,3,2.25,2430,5500,1810,620,1989,0,Sci-Fi,Action,,8.7,136,4,R,Warner Bros,The Matrix,460379930,1999
4136890560,20150430T000000,346300,4,2.5,2590,11018,2590,0,1998,0,Drama,Animation,Adventure,7.2,88,5,G,Walt Disney Pictures,Tarzan,448191819,1999
3034200247,20150206T000000,360000,3,1.75,1950,7260,1520,430,1957,0,Fantasy,Adventure,Action,7,125,6,PG-13,Universal Pictures,The Mummy,415933406,1999
5379804537,20140826T000000,270000,3,2.25,1760,8287,1160,600,1986,0,Romance,Drama,Comedy,7,124,7,PG-13,Universal Pictures,Notting Hill,363889678,1999
4137030040,20140612T000000,299995,3,2.5,1970,7500,1970,0,1988,0,Crime,Adventure,Action,6.4,128,8,PG-13,Metro-Goldwyn-Mayer,The World Is Not Enough,361832400,1999
4364700595,20140818T000000,333000,3,1,1050,7560,1050,0,1951,0,Romance,Drama,,8.4,122,9,R,DreamWorks,American Beauty,356296601,1999
822039146,20150219T000000,485000,3,2,2410,50654,2410,0,1995,0,Comedy,Adventure,Action,6.6,95,10,PG-13,Warner Bros,Austin Powers: The Spy Who Shagged Me,312016858,1999
8118600080,20150220T000000,565000,4,2,2070,7980,2070,0,1940,0,Sci-Fi,Adventure,Action,6.6,151,1,PG-13,Walt Disney Pictures,Armageddon,553709788,1998
4123840470,20150224T000000,408000,3,2.5,2620,8403,2620,0,1991,0,War,Drama,Action,8.6,169,2,R,DreamWorks,Saving Private Ryan,481840909,1998
8122101115,20150421T000000,435000,4,2.5,2180,6500,1410,770,1945,0,Thriller,Sci-Fi,Action,5.3,139,3,PG-13,Sony Pictures,Godzilla,379014294,1998
1223089083,20141028T000000,750000,3,2.75,3010,206910,3010,0,2001,0,Romance,Comedy,,7.1,119,4,R,20th Century Fox,There's Something About Mary,369884651,1998
522039106,20140606T000000,160000,3,1,1210,103237,1210,0,1918,1960,Comedy,Animation,Adventure,7.2,95,5,G,Walt Disney Pictures,A Bug's Life,363398565,1998
6150700169,20140609T000000,304700,2,1,740,5995,740,0,1949,0,Sci-Fi,Drama,Action,6.1,120,6,PG-13,DreamWorks,Deep Impact,349464664,1998
3308030100,20140925T000000,465000,4,2.5,3050,32450,1550,1500,1983,0,Family,Animation,Adventure,7.5,88,7,G,Walt Disney Pictures,Mulan,304320254,1998
2501600150,20150310T000000,194000,4,2,1760,7700,1760,0,1962,0,Fantasy,Family,Comedy,5.3,85,8,PG-13,20th Century Fox,Dr. Dolittle,294456605,1998
522079067,20150408T000000,649950,3,2.5,3310,387684,2160,1150,1919,1996,Romance,Drama,Comedy,7.2,123,9,R,Universal Pictures,Shakespeare in Love,289317794,1998
3579700015,20150227T000000,295000,4,1.75,1400,11934,1050,350,1961,0,Thriller,Crime,Action,6.6,127,10,R,Warner Bros,Lethal Weapon 4,285444603,1998
2326600150,20150422T000000,775900,3,2.5,2700,5764,2700,0,2014,0,Romance,Drama,,7.7,194,1,PG-13,Paramount Pictures,Titanic,1843201268,1997
7304300470,20140904T000000,375000,3,1.75,1260,11224,1260,0,1947,0,Sci-Fi,Adventure,Action,6.5,129,2,PG-13,Universal Pictures,The Lost World: Jurassic Park,618638999,1997
1828000230,20140714T000000,498000,3,2,1620,8400,1180,440,1968,0,Sci-Fi,Comedy,,7.2,98,3,PG-13,Columbia Pictures,Men in Black,589390539,1997
9274200028,20150219T000000,386950,3,2.5,1070,1089,900,170,2009,0,Thriller,Adventure,Action,6.5,119,4,PG-13,Metro-Goldwyn-Mayer,Tomorrow Never Dies,333011068,1997
9187200275,20150420T000000,905000,4,2.25,2240,5000,1770,470,1900,2014,Drama,Adventure,Action,6.4,124,5,R,Columbia Pictures,Air Force One,315156409,1997
3356402232,20140924T000000,179900,3,1.75,1230,12000,1230,0,1970,0,Romance,Drama,Comedy,7.8,139,6,PG-13,Sony Pictures,As Good as It Gets,314178011,1997
2206500430,20140709T000000,525000,4,1.75,1710,10440,1710,0,1955,0,Comedy,,,6.8,86,7,PG-13,Universal Pictures,Liar Liar,302710615,1997
3416601021,20140926T000000,569500,4,1,1960,3194,1960,0,1907,0,Romance,Comedy,,6.3,105,8,PG-13,Sony Pictures,My Best Friend's Wedding,299288605,1997
3013300085,20140515T000000,744000,4,3,1980,5352,1980,0,1941,2005,Sci-Fi,Adventure,Action,7.6,126,9,PG-13,Columbia Pictures,The Fifth Element,263920180,1997
2025700260,20150325T000000,259500,3,2.25,1490,7589,1490,0,1993,0,Music,Drama,Comedy,7.2,91,10,R,20th Century Fox,The Full Monty,257850122,1997
4038400130,20140711T000000,412000,4,1.75,1430,10500,1130,300,1960,0,Sci-Fi,Adventure,Action,6.9,145,1,PG-13,20th Century Fox,Independence Day,817400891,1996
1137400050,20140925T000000,425000,4,2.5,2480,4504,2480,0,2005,0,Drama,Adventure,Action,6.2,113,2,PG-13,Warner Bros,Twister,494471524,1996
8813400155,20141219T000000,808000,8,3.75,3460,4600,2860,600,1987,0,Thriller,Adventure,Action,7.1,110,3,PG-13,Paramount Pictures,Mission: Impossible,457696359,1996
7548301056,20140609T000000,345000,2,1.5,1340,1210,1120,220,2008,0,Thriller,Adventure,Action,7.4,136,4,R,Walt Disney Pictures,The Rock,335062621,1996
9272201704,20140512T000000,369000,2,2.5,980,895,670,310,2009,0,Family,Drama,Animation,6.9,91,5,G,Walt Disney Pictures,The Hunchback of Notre Dame,325338851,1996
7852110740,20141112T000000,645500,4,2.5,2990,8622,2990,0,2000,0,Family,Comedy,Adventure,5.6,103,6,G,Walt Disney Pictures,101 Dalmatians,320689294,1996
6306800050,20140925T000000,486940,4,2.5,3250,13360,3250,0,2014,0,Thriller,Crime,,6.6,121,7,R,Walt Disney Pictures,Ransom,309492681,1996
3630120050,20140625T000000,565000,2,1.75,1670,4008,1670,0,2005,0,Sci-Fi,Romance,Comedy,5.5,95,8,PG-13,Universal Pictures,The Nutty Professor,273961019,1996
1250200345,20141024T000000,230000,3,1,680,2400,680,0,1903,0,Romance,Drama,Comedy,7.3,139,9,R,Sony Pictures,Jerry Maguire,273552592,1996
8651611640,20150424T000000,782500,3,2.5,3750,7821,3750,0,2001,0,Thriller,Drama,Action,6,115,10,R,Warner Bros,Eraser,242295562,1996
6362900172,20140923T000000,499950,3,3.5,1820,1991,1430,390,2014,0,Thriller,Adventure,Action,7.6,131,1,R,20th Century Fox,Die Hard with a Vengeance,366101766,1995
7852090180,20140804T000000,538500,3,3.5,2500,4270,2500,0,2000,0,Comedy,Animation,Adventure,8.3,81,2,G,Walt Disney Pictures,Toy Story,361958736,1995
8645540290,20141126T000000,358000,5,2.5,2390,8775,1270,1120,1980,0,History,Drama,Adventure,7.6,140,3,PG,Universal Pictures,Apollo 13,353471312,1995
2911700010,20150303T000000,1080000,3,2.5,2240,21477,2240,0,1995,0,Thriller,Adventure,Action,7.2,130,4,PG-13,Metro-Goldwyn-Mayer,GoldenEye,352194034,1995
9541600015,20150211T000000,660000,4,2.25,2010,15375,2010,0,1957,0,Drama,Animation,Adventure,6.6,81,5,G,Walt Disney Pictures,Pocahontas,346079773,1995
7812800515,20141025T000000,159075,4,1.5,1580,6200,790,790,1944,0,Fantasy,Adventure,Action,5.4,121,6,PG-13,Warner Bros,Batman Forever,336529144,1995
3528960020,20140708T000000,673000,3,2.75,2830,3496,2830,0,2012,0,Thriller,Drama,Thriller,8.7,127,7,R,Warner Bros,Seven,327311859,1995
1872900076,20140620T000000,979000,3,1.5,1700,14133,1700,0,1954,0,Fantasy,Family,Comedy,6,100,8,PG,Universal Pictures,Casper,287928194,1995
7714000070,20150205T000000,378000,4,2.5,2790,4650,2790,0,2004,0,Sci-Fi,Adventure,Action,6.1,135,9,PG-13,Universal Pictures,Waterworld,264218220,1995
7300200550,20150319T000000,659000,4,2.25,2610,24931,2610,0,1983,0,Fantasy,Family,Adventure,6.8,104,10,PG,Sony Pictures,Jumanji,262797249,1995
9264030470,20140611T000000,455000,4,2.5,3170,10688,3170,0,2001,0,Drama,Animation,Adventure,8.5,89,1,G,Walt Disney Pictures,The Lion King,768625889,1994
7796100080,20140520T000000,925000,4,2.25,2260,41984,2260,0,1967,0,Romance,Drama,,8.8,142,2,PG-13,Paramount Pictures,Forrest Gump,677387716,1994
3530440140,20150505T000000,276200,2,1.75,1370,4495,1370,0,1975,0,Thriller,Comedy,Action,7.2,141,3,R,20th Century Fox,True Lies,378882411,1994
6083000123,20150504T000000,158000,3,1,1140,10477,1140,0,1942,0,Fantasy,Crime,Comedy,6.8,101,4,PG-13,Warner Bros,The Mask,351583407,1994
1402950550,20150107T000000,332000,4,2.5,2470,7780,2470,0,2002,0,Thriller,Crime,Action,7.2,116,5,R,20th Century Fox,Speed,350448145,1994
3449820380,20150402T000000,564450,3,2.5,2710,6174,2710,0,1998,0,Fantasy,Family,Comedy,4.8,91,6,PG,Universal Pictures,The Flintstones,341631208,1994
7527200360,20140611T000000,545000,3,2.5,2180,15693,1850,330,1979,0,Comedy,,,7.3,107,7,PG-13,Warner Bros,Dumb and Dumber,247275374,1994
7443000480,20150507T000000,865000,4,2,2750,5527,2130,620,1901,1987,Romance,Drama,Comedy,7.1,117,8,R,Universal Pictures,Four Weddings and a Funeral,245700832,1994
2826049234,20150114T000000,425000,3,2.25,1820,8814,1280,540,1967,0,Romance,Horror,,7.6,123,9,R,Warner Bros,Interview with the Vampire: The Vampire Chronicles,223664608,1994
2695600070,20140818T000000,345000,2,1,1350,4494,920,430,1949,0,Drama,Crime,Action,6.9,141,10,PG-13,Paramount Pictures,Clear and Present Danger,215887717,1994
2419700080,20150505T000000,915000,4,2.5,2910,4356,2910,0,2010,0,Thriller,Sci-Fi,Adventure,8,127,1,PG-13,Universal Pictures,Jurassic Park,914691118,1993
5315100784,20150424T000000,1200000,4,2.5,3240,13044,3240,0,1984,0,Family,Drama,Comedy,6.9,125,2,PG-13,20th Century Fox,Mrs. Doubtfire,441286195,1993
2423069164,20150410T000000,500000,3,2,1990,65340,1990,0,1986,0,Crime,Adventure,Action,7.8,130,3,PG-13,Warner Bros,The Fugitive,368875760,1993
3782400040,20150508T000000,396000,3,2.25,1680,9766,1680,0,1989,0,History,Drama,Biography,8.9,195,4,R,Universal Pictures,Schindler's List,321306305,1993
985001015,20140604T000000,135000,1,1,790,13062,790,0,1942,0,Thriller,Mystery,Drama,6.8,154,5,R,Paramount Pictures,The Firm,270248367,1993
248000240,20140715T000000,219000,3,1.5,1060,9600,1060,0,1962,0,Romance,Drama,,5.8,117,6,R,Paramount Pictures,Indecent Proposal,266614059,1993
7852090680,20150305T000000,561000,4,2.5,2550,5395,2550,0,2001,0,Thriller,Adventure,Action,6.3,112,7,R,Sony Pictures,Cliffhanger,255000211,1993
1454600266,20141027T000000,925000,4,3.75,4420,9492,3420,1000,1962,2005,Romance,Drama,Comedy,6.8,105,8,PG,Sony Pictures,Sleepless in Seattle,227799884,1993
1774230180,20140917T000000,696500,5,2.25,3210,61419,3210,0,1979,0,Drama,,,7.7,125,9,PG-13,Sony Pictures,Philadelphia,206678440,1993
1601600167,20140507T000000,365000,5,2.75,2410,5003,1410,1000,2008,0,Drama,Crime,Action,6.5,141,10,PG-13,Warner Bros,The Pelican Brief,195268056,1993
8731730710,20140728T000000,215000,3,1,1180,9000,1180,0,1970,0,Comedy,Animation,Adventure,8,90,1,G,Walt Disney Pictures,Aladdin,504050219,1992
3020079078,20141027T000000,487000,6,3.25,4750,248600,4750,0,1947,0,Music,Drama,Action,6.1,129,2,R,Warner Bros,The Bodyguard,411006740,1992
1115800110,20150109T000000,524000,3,1.5,1310,9471,1310,0,1970,0,Family,Comedy,Adventure,6.5,120,3,PG,20th Century Fox,Home Alone 2: Lost in New York,358994850,1992
3834500195,20140707T000000,527000,6,3.5,3000,8401,1500,1500,1979,0,Thriller,Mystery,Drama,6.9,127,4,R,Sony Pictures,Basic Instinct,352927224,1992
4310702918,20141030T000000,345000,2,2.25,1110,1290,1110,0,2006,0,Thriller,Crime,Action,6.7,118,5,R,Warner Bros,Lethal Weapon 3,321731527,1992
1687000270,20140528T000000,267000,3,2.5,2495,4400,2495,0,2007,0,Action,,,7,126,6,PG-13,Warner Bros,Batman Returns,266822354,1992
9268851800,20140505T000000,415000,3,2.25,1620,998,1540,80,2010,0,Thriller,Drama,,7.6,138,7,R,Columbia Pictures,A Few Good Men,243240178,1992
6127600036,20141105T000000,799000,4,2.75,2390,6820,2140,250,1945,0,Music,Comedy,,6.2,100,8,PG,Walt Disney Pictures,Sister Act,231605150,1992
3298200320,20140624T000000,445000,4,1.75,1250,7400,1250,0,1959,0,Romance,Horror,,7.5,128,9,R,Columbia Pictures,Bram Stoker's Dracula,215862692,1992
4440900040,20140505T000000,379950,4,1.75,1970,9389,1140,830,1960,0,Music,Comedy,,7,94,10,PG-13,Paramount Pictures,Wayne's World,183097323,1992
3541600210,20140618T000000,410000,4,2,1970,10500,1820,150,1961,0,Sci-Fi,Action,,8.5,137,1,R,Sony Pictures,Terminator 2: Judgment Day,519843345,1991
5710610430,20150313T000000,517500,3,1.75,1810,10625,1370,440,1973,0,Drama,Adventure,Action,6.9,143,2,PG-13,Warner Bros,Robin Hood: Prince of Thieves,390493908,1991
1005000220,20150310T000000,410000,2,1,2020,7540,1010,1010,1921,0,Fantasy,Family,Animation,8,84,3,G,Walt Disney Pictures,Beauty and the Beast,351863363,1991
2787250190,20140717T000000,645000,4,2.5,2860,14000,2860,0,1995,0,Family,Comedy,Adventure,6.7,142,4,PG,Sony Pictures,Hook,300854823,1991
9266701085,20140603T000000,409950,2,1.75,1370,5125,1370,0,1944,0,Thriller,,,8.6,118,5,R,Metro-Goldwyn-Mayer,The Silence of the Lambs,272742922,1991
2423600100,20140502T000000,491500,4,1.75,2190,125452,2190,0,1968,0,Thriller,History,Drama,8,189,6,R,Warner Bros,JFK,205405498,1991
2250000010,20141205T000000,294450,4,2.25,1400,7341,1300,100,1961,0,Fantasy,Comedy,,6.8,99,7,PG-13,Paramount Pictures,The Addams Family,191502426,1991
3438501081,20141215T000000,315000,3,1,970,6828,970,0,1928,0,Thriller,Crime,,7.3,128,8,R,Universal Pictures,Cape Fear,182291969,1991
624110020,20140925T000000,730000,3,3,3460,13129,2560,900,1988,0,Comedy,,,6.7,84,9,PG-13,20th Century Fox,Hot Shots!,181096164,1991
7173700524,20140924T000000,410000,2,1.5,1660,4000,1000,660,1950,0,Comedy,Western,,6.7,113,10,PG-13,Columbia Pictures,City Slickers,179033791,1991
822069112,20150423T000000,1350000,4,4.75,5230,89298,5230,0,2002,0,Romance,Fantasy,Drama,7,127,1,PG-13,Paramount Pictures,Ghost,505702588,1990
2592210510,20150217T000000,850000,3,2.5,3120,12406,1940,1180,1983,0,Family,Comedy,,7.4,103,2,PG,20th Century Fox,Home Alone,476684675,1990
8732030490,20141222T000000,261500,4,2.5,2460,7800,1500,960,1977,0,Romance,Comedy,,6.9,119,3,R,Walt Disney Pictures,Pretty Woman,463406268,1990
2475200870,20140917T000000,250000,2,1.5,1200,5773,1200,0,1985,0,Drama,Western,Adventure,8,181,4,PG-13,Metro-Goldwyn-Mayer,Dances with Wolves,424208848,1990
8010100135,20141030T000000,580000,3,1.5,1800,6250,1420,380,1947,0,Action,Sci-Fi,Mystery,7.5,113,5,R,Sony Pictures,Total Recall,261336002,1990
7504400750,20150105T000000,652427,4,2.25,2770,13129,2770,0,1979,0,Romance,Comedy,Adventure,7.4,118,6,PG,Universal Pictures,Back to the Future Part III,244527583,1990
3756500060,20150309T000000,438000,3,1.75,1780,9660,1780,0,1962,0,Thriller,Action,,7.1,124,7,R,20th Century Fox,Die Hard 2,240031094,1990
9297301015,20150408T000000,277284,3,1.75,1030,4800,930,100,1927,0,Thriller,Drama,Crime,6.9,127,8,R,Warner Bros,Presumed Innocent,221303188,1990
6639900219,20150511T000000,419900,3,2.5,1630,1755,1320,310,1997,0,Comedy,Adventure,Action,6.7,93,9,PG,Warner Bros,Teenage Mutant Ninja Turtles,201965915,1990
2868300061,20140918T000000,272000,4,1.75,1390,10660,1030,360,1960,0,Crime,Comedy,Action,6,111,10,PG-13,Universal Pictures,Kindergarten Cop,201957688,1990
9478500180,20140828T000000,317750,3,2.5,1980,4500,1980,0,2012,0,Adventure,Action,,8.3,127,1,PG-13,Paramount Pictures,Indiana Jones and the Last Crusade,474171806,1989
7663700968,20140528T000000,565000,7,4.5,4140,9066,2070,2070,1978,0,Adventure,Action,,7.6,126,2,PG-13,Warner Bros,Batman,411348924,1989
9512500720,20150428T000000,500000,5,2.5,2030,8400,1330,700,1968,0,Sci-Fi,Comedy,Adventure,7.8,108,3,PG,Universal Pictures,Back to the Future Part II,331950002,1989
9521100585,20140613T000000,499950,3,1,1830,3000,1430,400,1926,0,Romance,Comedy,,5.8,93,4,PG-13,Sony Pictures,Look Who's Talking,296999813,1989
7202360760,20140711T000000,790000,4,2.5,3500,9198,3500,0,2004,0,Drama,,,8,128,5,PG,Walt Disney Pictures,Dead Poets Society,235860116,1989
5450900140,20140508T000000,830000,5,3,3040,9601,1970,1070,1968,0,Thriller,Crime,Action,7.2,114,6,R,Warner Bros,Lethal Weapon 2,227853986,1989
4232900940,20140522T000000,926300,3,1.5,1660,4800,1660,0,1907,0,Family,Comedy,Adventure,6.2,93,7,PG,Walt Disney Pictures,"Honey, I Shrunk the Kids",222724172,1989
2597550090,20140905T000000,455000,5,2.25,3470,28212,2790,680,1978,0,Horror,Fantasy,Comedy,6.5,108,8,PG,Columbia Pictures,Ghostbusters II,215394738,1989
1231000660,20140521T000000,525000,3,1,1450,4000,950,500,1948,0,Fantasy,Family,Animation,7.6,83,9,G,Walt Disney Pictures,The Little Mermaid,184155863,1989
8898700680,20140730T000000,295500,3,1.75,1330,10523,1000,330,1981,0,War,Drama,Biography,7.2,145,10,R,Universal Pictures,Born on the Fourth of July,161001698,1989
7575610170,20150423T000000,200000,4,2.75,2210,13235,1730,480,1988,0,Drama,,,8,133,1,R,Metro-Goldwyn-Mayer,Rain Man,172825435,1988
7199330370,20150309T000000,385000,3,1.75,1200,7360,1200,0,1978,0,Crime,Comedy,Animation,7.7,104,2,PG,Walt Disney Pictures,Who Framed Roger Rabbit,156452370,1988
8121100147,20140714T000000,390000,3,2.25,1640,2875,1240,400,1983,0,Romance,Comedy,,6.9,116,3,R,Paramount Pictures,Coming to America,128152301,1988
2112700280,20140811T000000,295000,3,1.75,1440,4000,1050,390,1979,0,Fantasy,Drama,Comedy,7.3,104,4,PG,20th Century Fox,Big,114968774,1988
5101402428,20141112T000000,790000,4,2.5,2560,12760,1760,800,1949,0,Comedy,,,5.9,107,5,PG,Universal Pictures,Twins,111938388,1988
301402120,20140625T000000,240000,3,2.25,1481,2820,1481,0,2012,0,Comedy,Adventure,Action,5.5,108,6,PG,Paramount Pictures,"""Crocodile"" Dundee II",109306210,1988
2493200215,20141231T000000,582000,3,1.75,1820,3140,1820,0,1949,1990,Thriller,Action,,8.3,131,7,R,20th Century Fox,Die Hard,83008852,1988
9831200221,20140710T000000,670000,3,2.5,1420,1438,1280,140,2003,0,Crime,Comedy,,7.6,85,8,PG-13,Paramount Pictures,The Naked Gun: From the Files of Police Squad!,78756177,1988
3361401977,20140826T000000,250000,3,2.25,1560,15340,1560,0,1997,0,Romance,Drama,Comedy,5.8,104,9,R,Walt Disney Pictures,Cocktail,78222753,1988
3293700521,20150414T000000,389000,3,1.75,1820,8028,1220,600,1980,0,Comedy,,,7.4,92,10,PG,Warner Bros,Beetlejuice,73707461,1988
3892500070,20140728T000000,1480000,3,3.5,4070,26000,4070,0,1991,0,Family,Drama,Comedy,5.8,102,1,PG,Walt Disney Pictures,Three Men and a Baby,167780960,1987
1565600130,20140821T000000,275000,5,1.75,2180,9178,1140,1040,1963,0,Thriller,Drama,,6.9,119,2,R,Paramount Pictures,Fatal Attraction,156645693,1987
7390400069,20150327T000000,450000,2,2.75,2810,11205,1510,1300,1968,0,Crime,Comedy,Action,6.4,100,3,R,Paramount Pictures,Beverly Hills Cop II,153665036,1987
9532000500,20140801T000000,415000,3,2.5,1610,3600,1610,0,2010,0,War,Drama,Comedy,7.3,121,4,R,Walt Disney Pictures,"Good Morning, Vietnam",123922370,1987
6056100165,20141201T000000,175003,3,1.5,1390,1882,1390,0,2014,0,Romance,Drama,Comedy,7.1,102,5,PG,Metro-Goldwyn-Mayer,Moonstruck,80640528,1987
2817900100,20150330T000000,450000,3,2.75,2840,39324,2200,640,1988,0,Thriller,Drama,Crime,8,119,6,R,Paramount Pictures,The Untouchables,76270454,1987
5457801925,20150411T000000,885000,4,3.75,2400,3520,1370,1030,1924,2005,Comedy,,,6.4,111,7,PG-13,Universal Pictures,The Secret of My Success,66995000,1987
7518503200,20140701T000000,459500,2,1,1250,3825,850,400,1929,0,Thriller,Comedy,,6.6,117,8,R,Walt Disney Pictures,Stakeout,65673230,1987
3304300300,20150507T000000,579950,4,2.75,2460,8643,2460,0,2011,0,Thriller,Crime,Action,7.6,110,9,R,Warner Bros,Lethal Weapon,65207127,1987
1954420380,20150330T000000,485000,3,2.25,1570,6810,1180,390,1988,0,Horror,Fantasy,Comedy,6.5,118,10,R,Warner Bros,The Witches of Eastwick,63766510,1987
3888100030,20140714T000000,410000,3,2,1270,10227,1270,0,1968,0,Romance,Drama,Action,6.8,110,1,PG,Paramount Pictures,Top Gun,176781728,1986
1837010010,20150313T000000,465000,3,1.75,1730,8073,1350,380,1971,0,Adventure,Comedy,Crime,6.5,97,2,PG-13,Paramount Pictures,"""Crocodile"" Dundee",174803506,1986
8650300130,20140908T000000,630000,4,2.5,2540,4727,2540,0,1999,0,War,Drama,,8.1,120,3,R,Metro-Goldwyn-Mayer,Platoon,138530565,1986
4038700730,20141230T000000,621000,4,2.75,1950,6930,1250,700,1960,0,Romance,Family,Action,5.8,113,4,PG,Columbia Pictures,"The Karate Kid, Part II",115103979,1986
3629990280,20140623T000000,497000,3,2.25,1630,3817,1630,0,2005,0,Comedy,Adventure,Action,7.3,119,5,PG,Paramount Pictures,Star Trek IV: The Voyage Home,109713132,1986
6813600415,20140508T000000,515000,2,1,1060,4960,1060,0,1926,0,Sport,Romance,Comedy,6.5,96,6,PG-13,Metro-Goldwyn-Mayer,Back to School,91258000,1986
1387301740,20140925T000000,370900,3,1.5,1200,8560,1200,0,1975,0,Sci-Fi,Adventure,Action,8.4,137,7,R,20th Century Fox,Aliens,86160248,1986
1473120230,20141223T000000,435000,4,2.5,2940,7590,2940,0,1991,0,Drama,Comedy,Animation,6.9,80,8,G,Universal Pictures,An American Tail,84542002,1986
625049299,20141203T000000,482000,2,1,950,3960,950,0,1941,0,Comedy,Adventure,Action,5.8,94,9,PG-13,Paramount Pictures,The Golden Child,79817937,1986
3904901300,20150414T000000,468000,3,2.25,1470,5597,1470,0,1985,0,Crime,Comedy,,6.8,93,10,R,Walt Disney Pictures,Ruthless People,71624879,1986
9141100073,20140826T000000,500000,4,2.5,2040,6685,2040,0,1998,0,Romance,Comedy,Adventure,8.5,116,1,PG,Universal Pictures,Back to the Future,210609762,1985
7215720410,20150415T000000,726888,5,3,2970,7261,2970,0,1999,0,Thriller,Adventure,Action,6.4,96,2,R,Sony Pictures,Rambo: First Blood Part II,150415432,1985
117000100,20150319T000000,680000,3,1.75,1660,5750,1080,580,1909,0,Sport,Drama,,6.7,91,3,PG,Metro-Goldwyn-Mayer,Rocky IV,127873716,1985
1438000430,20141006T000000,459995,4,2.5,2350,3760,2350,0,2014,0,Drama,,,7.8,154,4,PG-13,Warner Bros,The Color Purple,94175854,1985
4340000080,20150327T000000,1450000,4,3.5,2820,7809,2820,0,1995,0,Romance,Drama,Biography,7.2,161,5,PG,Universal Pictures,Out Of Africa,87071205,1985
1225039052,20141112T000000,465000,3,3.25,1510,1850,1230,280,2001,0,Sci-Fi,,,6.6,117,6,PG-13,20th Century Fox,Cocoon,85313124,1985
2781250970,20150501T000000,250000,2,1.75,1350,4023,1350,0,2005,0,Comedy,Adventure,Action,6,106,7,PG,20th Century Fox,The Jewel of the Nile,75973200,1985
2112700185,20150325T000000,435000,3,2.5,3110,6000,1560,1550,1967,0,Romance,Drama,Crime,7.5,112,8,R,Paramount Pictures,Witness,68706993,1985
2108500110,20150415T000000,278000,3,2.25,2120,9804,2120,0,1994,0,Family,Comedy,Adventure,7.8,114,9,PG,Warner Bros,The Goonies,61389680,1985
1328310440,20140916T000000,356000,3,2.25,2280,8765,2280,0,1977,0,Comedy,Adventure,,6.3,102,10,PG,Warner Bros,Spies Like Us,60088980,1985
7349660050,20141118T000000,268000,3,1.75,1600,7711,1600,0,1999,0,Fantasy,Comedy,,7.8,105,1,PG,Columbia Pictures,Ghostbusters,238632124,1984
7715800430,20141104T000000,502000,3,2.5,1870,9135,1250,620,1984,0,Comedy,Action,,7.3,105,2,R,Paramount Pictures,Beverly Hills Cop,234760478,1984
4364700600,20141216T000000,216000,3,1,1010,7920,1010,0,1925,0,Action,Adventure,Drama,7.6,118,3,PG,Paramount Pictures,Indiana Jones and the Temple of Doom,179870271,1984
1785500132,20141118T000000,293000,3,1,1020,7650,1020,0,1940,0,Horror,Comedy,,7.2,106,4,PG,Warner Bros,Gremlins,153083102,1984
3762900020,20140624T000000,342500,2,1.75,1210,7507,1210,0,1982,0,Family,Drama,Action,7.2,126,5,PG,Columbia Pictures,The Karate Kid,90815558,1984
4104900150,20150414T000000,605000,5,3.5,3060,8862,3060,0,1989,0,Comedy,,,6.6,96,6,R,Warner Bros,Police Academy,81198894,1984
1423400160,20140618T000000,230000,2,1,1080,9435,1080,0,1958,0,Romance,Music,Drama,6.4,107,7,R,Paramount Pictures,Footloose,80035402,1984
818500490,20141009T000000,153503,2,2.5,1240,3649,1240,0,1986,0,Sci-Fi,Action,,8.1,107,8,R,Metro-Goldwyn-Mayer,The Terminator,78400000,1984
8835700250,20150426T000000,965000,4,2.5,3570,17411,3570,0,1990,0,Comedy,Adventure,Action,6.9,106,9,PG,20th Century Fox,Romancing the Stone,78371200,1984
8944320470,20140623T000000,345950,3,2.5,2110,4118,2110,0,1989,0,Sci-Fi,Adventure,Action,6.6,105,10,PG,Paramount Pictures,Star Trek III: The Search for Spock,76572238,1984
5456000025,20141201T000000,1440000,5,3.5,3420,8000,3420,0,2006,0,Fantasy,Adventure,Action,8.4,134,1,PG,Lionsgate Films,Star Wars Episode VI: Return of the Jedi,252583617,1983
3971700560,20150421T000000,392400,5,2.5,2520,27951,1890,630,1942,1970,Drama,Comedy,,7.4,132,2,R,Paramount Pictures,Terms of Endearment,108423489,1983
6300000693,20141202T000000,233000,2,2.25,850,1656,850,0,2001,0,Romance,Music,Drama,6.1,95,3,R,Paramount Pictures,Flashdance,92921203,1983
3268000040,20140628T000000,339900,3,1,1200,9087,1200,0,1969,0,Comedy,,,7.5,116,4,R,Paramount Pictures,Trading Places,90404800,1983
7852010900,20150324T000000,523000,3,2.5,2400,6182,2400,0,1998,0,Thriller,Sci-Fi,,7.1,114,5,PG,Metro-Goldwyn-Mayer,WarGames,79567667,1983
7518502030,20141117T000000,410000,4,2,1900,5100,950,950,1914,1973,Thriller,Adventure,Action,6.6,131,6,PG,Metro-Goldwyn-Mayer,Octopussy,67800000,1983
2734101055,20141001T000000,425000,3,1,1790,6000,1790,0,1937,0,Thriller,Action,,6.6,117,7,R,Warner Bros,Sudden Impact,67642693,1983
7852160310,20140814T000000,1010000,4,2.75,3430,15877,3430,0,2005,0,Romance,Music,Drama,4.4,93,8,PG,Paramount Pictures,Staying Alive,64892670,1983
1245003255,20150223T000000,615000,3,1,1120,12500,1120,0,1977,0,Drama,Comedy,Western,6.4,91,9,PG,20th Century Fox,Mr. Mom,64783827,1983
3574801780,20140505T000000,485000,4,3,2340,7048,1340,1000,1979,0,Drama,Crime,Comedy,6.8,99,10,R,Warner Bros,Risky Business,63541777,1983
2473250280,20140826T000000,265000,4,2.25,2300,9100,1280,1020,1977,0,Sci-Fi,Family,Western,7.9,115,1,PG,Universal Pictures,E.T. the Extra-Terrestrial,359197037,1982
8562000010,20150501T000000,244500,3,1.75,1210,8864,1210,0,1985,0,Romance,Comedy,,7.4,116,2,PG,Columbia Pictures,Tootsie,177200000,1982
4123810210,20140716T000000,379950,3,1.75,2040,12065,2040,0,1987,0,Romance,Drama,,7,124,3,R,Paramount Pictures,An Officer and a Gentleman,129795554,1982
1788800910,20141020T000000,190000,3,1,1200,10458,1200,0,1961,0,Sport,Drama,,6.7,99,4,PG,Metro-Goldwyn-Mayer,Rocky III,124146897,1982
5137200140,20150325T000000,350000,4,2.75,2990,11210,1880,1110,1977,0,Comedy,,,6.1,94,5,R,20th Century Fox,Porky's,105492483,1982
4221900305,20150121T000000,1310000,3,3.25,4030,6300,3630,400,2006,0,Drama,Adventure,Action,7.7,113,6,PG,Paramount Pictures,Star Trek II: The Wrath of Khan,78912963,1982
3649100306,20140506T000000,379900,4,1.75,1500,11600,1000,500,1955,0,Crime,Comedy,Action,6.9,96,7,R,Paramount Pictures,48 Hrs.,78868508,1982
1843130210,20141015T000000,266950,3,2.5,1920,4803,1920,0,2005,0,Horror,,,7.4,114,8,PG,Metro-Goldwyn-Mayer,Poltergeist,76606280,1982
301402140,20150226T000000,250000,3,2.25,1481,2820,1481,0,2012,0,Music,Comedy,,5.7,114,9,R,Universal Pictures,The Best Little Whorehouse in Texas,69701637,1982
1432600415,20140919T000000,215000,3,1,1150,7560,1150,0,1958,0,Family,Drama,Comedy,6.5,127,10,PG,Columbia Pictures,Annie,57059003,1982
1776230220,20140626T000000,414000,3,2.5,2490,4540,2490,0,2012,0,Adventure,Action,,8.6,115,1,PG,Paramount Pictures,Raiders of the Lost Ark,212222025,1981
2324800110,20140612T000000,699000,4,2.5,3280,27441,3280,0,1996,0,Drama,,,7.7,109,2,PG,Universal Pictures,On Golden Pond,119285432,1981
7732650040,20140903T000000,1140000,4,2.5,3370,10602,3370,0,1999,0,Sci-Fi,Romance,Action,6.8,127,3,PG,Warner Bros,Superman II,108185706,1981
2297400090,20150323T000000,447000,3,1.75,1400,6750,1040,360,1975,0,Romance,Comedy,,6.9,97,4,PG,Warner Bros,Arthur,95461682,1981
9542800290,20141210T000000,217000,3,2,1690,6750,1210,480,1977,0,War,Comedy,,6.9,106,5,R,Columbia Pictures,Stripes,85297000,1981
3326079016,20150504T000000,190000,2,1,710,1164794,710,0,1915,0,Comedy,Action,,6.1,95,6,PG,20th Century Fox,The Cannonball Run,72179579,1981
7517500085,20150425T000000,712500,3,1.75,1770,2800,1770,0,1914,0,Sport,History,Drama,7.2,119,7,PG,Warner Bros,Chariots of Fire,58972904,1981
7852020720,20150327T000000,506950,3,2.5,2080,4931,2080,0,2000,0,Thriller,Adventure,Action,6.8,127,8,PG,Metro-Goldwyn-Mayer,For Your Eyes Only,54812802,1981
5589900590,20140505T000000,400000,2,1.75,2110,9519,2110,0,1948,0,Drama,Comedy,,7.2,107,9,PG,Universal Pictures,The Four Seasons,50427646,1981
7751800080,20150127T000000,465000,3,1.5,1460,9879,1460,0,1956,0,Fantasy,Comedy,Adventure,7,110,10,PG,Embassy Pictures,Time Bandits,42365581,1981
1822500270,20140819T000000,345000,4,2.5,2382,5899,2382,0,2011,0,Adventure,Action,Fantasy,8.8,124,1,PG,20th Century Fox,Star Wars Episode V: The Empire Strikes Back,209398025,1980
5113400168,20150116T000000,620000,3,1.75,2140,5808,1070,1070,1947,0,Comedy,,,6.6,110,2,PG,20th Century Fox,9 to 5,103290500,1980
8899000050,20150325T000000,313100,4,2.5,2660,9030,1450,1210,1977,0,Crime,Comedy,,6.8,111,3,R,Columbia Pictures,Stir Crazy,101300000,1980
825059270,20141121T000000,1100000,5,3,4090,12850,2090,2000,1986,0,Comedy,,,7.8,88,4,PG,Paramount Pictures,Airplane!,83453539,1980
1152700090,20141218T000000,329000,4,2.5,2650,5880,2650,0,2005,0,Comedy,Action,,6,116,5,PG,Warner Bros,Any Which Way You Can,70687344,1980
3262300940,20150210T000000,940000,3,1,1220,8119,1220,0,1955,0,War,Comedy,,6,109,6,R,Warner Bros,Private Benjamin,69847348,1980
9406510040,20150206T000000,555000,4,2.5,2920,24074,2920,0,1997,0,Music,Drama,Biography,7.5,124,7,PG,Universal Pictures,Coal Miner's Daughter,67182787,1980
6414100482,20150331T000000,500000,2,1,1630,12059,1270,360,1947,0,Crime,Comedy,Action,5.1,100,8,PG,Universal Pictures,Smokey and the Bandit II,66132626,1980
4139480350,20150113T000000,1690000,4,4,5000,12941,5000,0,2002,0,Romance,Drama,Adventure,5.7,104,9,R,Columbia Pictures,The Blue Lagoon,58853106,1980
2320069089,20140930T000000,212000,3,1.5,1830,12233,1830,0,1930,0,Crime,Comedy,Action,8,133,10,R,Universal Pictures,The Blues Brothers,57229890,1980
3445000274,20150513T000000,170000,3,1,970,8710,970,0,1962,0,Drama,,,7.8,105,1,PG-13,Columbia Pictures,Kramer vs. Kramer,106260000,1979
1426079047,20140911T000000,620000,3,2.25,2520,212137,1590,930,2005,0,Horror,Drama,,6.2,117,2,R,Metro-Goldwyn-Mayer,The Amityville Horror,86432520,1979
9211500730,20150218T000000,162000,3,2.25,1810,6750,1280,530,1978,0,Sport,Drama,Action,7.1,119,3,PG,Metro-Goldwyn-Mayer,Rocky II,85182160,1979
4045100075,20150325T000000,2400000,4,4.25,4890,15188,3090,1800,1999,0,War,Drama,,8.5,153,4,R,Metro-Goldwyn-Mayer,Apocalypse Now,83471511,1979
8129700565,20141008T000000,601450,2,3.25,1840,1500,1840,0,2001,0,Sci-Fi,Mystery,Adventure,6.4,132,5,PG,Paramount Pictures,Star Trek: The Motion Picture,82258456,1979
1623089039,20141217T000000,275000,2,1,900,57063,900,0,1938,0,Sci-Fi,Horror,,8.5,117,6,R,20th Century Fox,Alien,80931801,1979
2599000130,20140716T000000,247200,3,1,1590,11200,1590,0,1961,0,Romance,Comedy,,6,122,7,R,Warner Bros,10,74865517,1979
7147800015,20150401T000000,245500,2,1.5,1430,9782,1430,0,1955,0,Comedy,,,7.2,94,8,R,Universal Pictures,The Jerk,73691419,1979
3575304017,20140822T000000,315000,3,1,1010,7500,1010,0,1975,0,Crime,Adventure,Action,6.2,126,9,PG,Metro-Goldwyn-Mayer,Moonraker,70308099,1979
7696500280,20141027T000000,182500,3,1,910,7194,910,0,1971,0,Family,Comedy,Adventure,7.7,95,10,G,Metro-Goldwyn-Mayer,The Muppet Movie,65200000,1979
6806300980,20141223T000000,490000,4,2.5,3630,8387,3630,0,1997,0,Romance,Musical,,7.2,110,1,PG-13,Paramount Pictures,Grease,159978870,1978
46100350,20140630T000000,1730000,5,3.5,5000,26540,3410,1590,2008,0,Sci-Fi,Drama,Action,7.3,143,2,PG,Warner Bros,Superman,134218018,1978
1787600094,20141106T000000,285000,3,1,1160,7875,1160,0,1953,0,Comedy,,,7.6,109,3,R,Universal Pictures,National Lampoon's Animal House,120091123,1978
6802200100,20150115T000000,271900,3,2,1450,8771,1450,0,1991,0,Comedy,Action,,6.2,114,4,PG,Warner Bros,Every Which Way but Loose,85196485,1978
6675500105,20140729T000000,306000,3,2,1160,7217,1160,0,1969,0,Sport,Romance,Comedy,6.9,101,5,PG,Paramount Pictures,Heaven Can Wait,81640278,1978
1623089086,20141015T000000,760000,4,2.75,3980,285318,3980,0,2006,0,Comedy,Action,,6.2,99,6,PG,Warner Bros,Hooper,78000000,1978
1623089025,20150403T000000,313500,5,3,2240,94960,2240,0,1985,0,Thriller,Horror,,5.7,116,7,PG,Universal Pictures,Jaws 2,77737272,1978
7967600285,20141211T000000,449888,3,2.25,2520,78408,2520,0,1988,0,Horror,Drama,,8,127,8,R,Metro-Goldwyn-Mayer,Dawn of the Dead,59020957,1978
7129303970,20150304T000000,239950,2,1,1280,5500,1280,0,1949,0,Thriller,Comedy,Crime,6.7,99,9,PG,Metro-Goldwyn-Mayer,Revenge of the Pink Panther,49579269,1978
9834200885,20140717T000000,360000,4,2.5,2080,4080,1040,1040,1962,0,War,Drama,,8.2,182,10,R,Universal Pictures,The Deer Hunter,48979328,1978
3295450050,20150109T000000,322000,4,2.5,1950,4553,1950,0,2000,0,Fantasy,Adventure,Action,8.7,121,1,PG,Lionsgate Films,Star Wars,307263857,1977
4302200590,20150309T000000,375000,3,2.5,1770,5146,1770,0,1992,0,Romance,Comedy,Action,6.8,96,2,PG,Universal Pictures,Smokey and the Bandit,126737428,1977
8943600430,20150423T000000,389950,3,2.5,2283,3996,2283,0,2008,0,Sci-Fi,Drama,,7.7,137,3,PG,Columbia Pictures,Close Encounters of the Third Kind,116395460,1977
3818400050,20150406T000000,500000,4,3,2450,4668,2450,0,2004,0,Romance,Drama,Comedy,7.4,111,4,PG,Metro-Goldwyn-Mayer,The Goodbye Girl,102000000,1977
9430100360,20150205T000000,717500,3,2.5,2530,9932,2530,0,1995,0,Romance,Music,Drama,6.8,118,5,R,Paramount Pictures,Saturday Night Fever,94213184,1977
1954630080,20140619T000000,500000,3,2.5,2840,48716,1870,970,1994,0,Fantasy,Comedy,,6.5,98,6,PG,Warner Bros,"Oh, God!",51061196,1977
2475200080,20140908T000000,268000,3,1.75,1250,5546,1250,0,1987,0,War,History,Drama,7.4,175,7,PG,Metro-Goldwyn-Mayer,A Bridge Too Far,50750000,1977
8861000060,20141231T000000,875000,3,1,1160,10732,1160,0,1953,0,Thriller,Mystery,Adventure,6.1,123,8,PG,Columbia Pictures,The Deep,47346365,1977
259700180,20150428T000000,517000,4,1,1650,8250,1650,0,1966,0,Thriller,Adventure,Action,7.1,125,9,PG,Metro-Goldwyn-Mayer,The Spy Who Loved Me,46838673,1977
7852110690,20140522T000000,622500,4,2.5,2980,8107,2980,0,2000,0,Romance,Drama,Comedy,8.1,93,10,PG,Metro-Goldwyn-Mayer,Annie Hall,38251425,1977
8642600090,20150218T000000,324950,2,1.5,1643,14616,1643,0,1954,0,Sport,Drama,,8.1,119,1,PG,Metro-Goldwyn-Mayer,Rocky,117235147,1976
5057100090,20150505T000000,459950,5,2.75,3078,6371,3078,0,2014,0,History,Documentary,,7,27,2,G,National Air and Space Museum,To Fly!,86600000,1976
3298700820,20141024T000000,160000,3,1.75,1010,5355,1010,0,1950,0,Romance,Music,Drama,6.5,139,3,R,Warner Bros,A Star Is Born,80000000,1976
6147600040,20150224T000000,163000,3,1.75,1290,4811,1290,0,1996,0,Thriller,Drama,,8,138,4,R,Warner Bros,All the President's Men,70600000,1976
7419700015,20140919T000000,490000,4,2.25,2090,10869,2090,0,1970,0,Thriller,Horror,Drama,7.6,111,5,R,20th Century Fox,The Omen,60922980,1976
7787920160,20150427T000000,472000,5,2.5,2570,7412,2570,0,2006,0,Family,Documentary,,4.6,99,6,G,Sunn Classic Pictures,In Search of Noah's Ark,55700000,1976
1901600090,20150426T000000,390000,5,1.75,1940,6654,1940,0,1953,0,Horror,Fantasy,Adventure,5.8,134,7,PG,Paramount Pictures,King Kong,52614445,1976
326049058,20150217T000000,464500,5,1.5,2940,13425,1470,1470,1955,0,Crime,Comedy,Action,6.9,114,8,PG,20th Century Fox,Silver Streak,51079064,1976
3420069055,20141203T000000,350000,4,2.25,1570,499571,1570,0,1972,0,Thriller,Crime,Action,6.8,96,9,R,Warner Bros,The Enforcer,46236000,1976
4340610080,20140804T000000,269500,2,1,800,1200,800,0,1999,0,History,Drama,Action,6.7,132,10,PG,Universal Pictures,Midway,43220000,1976
1931300175,20140702T000000,575000,4,2,1660,4800,1660,0,1922,0,Drama,Crime,,8.1,125,4,R,Warner Bros,Dog Day Afternoon,50000000,1975
3862710010,20150501T000000,424950,3,2.5,1650,4777,1650,0,2013,0,Romance,Drama,,6.3,109,5,R,Columbia Pictures,Shampoo,49407734,1975
9274201006,20140507T000000,705000,4,2.5,2650,4316,1520,1130,1905,2013,Thriller,Crime,Comedy,7.1,113,6,G,Metro-Goldwyn-Mayer,The Return of the Pink Panther,41833347,1975
3395040580,20141023T000000,310000,3,2.25,1590,3056,1590,0,2001,0,Music,Drama,Comedy,6.4,136,7,PG,Columbia Pictures,Funny Lady,39000000,1975
5634500251,20150327T000000,450000,3,1,1160,36831,1160,0,1938,0,Family,Western,Comedy,6.2,100,8,G,Walt Disney Pictures,The Apple Dumpling Gang,36853000,1975
1118001560,20140710T000000,1910000,4,3,4460,6833,3140,1320,1955,2007,Drama,,,6,88,9,PG,Columbia Pictures,"Aloha, Bobby and Rose",35000000,1975
1525059198,20140521T000000,1190000,3,2.25,2760,40946,2760,0,1978,0,Drama,Western,War,6.4,103,10,PG,Universal Pictures,The Other Side of the Mountain,34673100,1975
